id;code;created;updated
1;94592;2020-02-24T07:30:42;2020-02-24T11:45:50
2;11619;2020-02-24T08:22:52;2020-02-24T01:46:33
3;63512;2020-02-24T02:18:14;2020-02-24T15:32:12
4;57569;2020-02-24T05:56:53;2020-02-24T01:07:08
5;992;2020-02-24T08:54:39;2020-02-23T23:46:59
6;43973;2020-02-24T03:18:50;2020-02-23T21:02:30
7;28622;2020-02-23T20:32:03;2020-02-23T22:59:11
8;37272;2020-02-24T05:01:47;2020-02-24T03:12:53
9;81575;2020-02-23T23:03:43;2020-02-23T21:04:00
10;50933;2020-02-24T15:22:02;2020-02-24T03:42:07
